{
    "properties": {},
    "icon": "500px",
    "description": "HANA Classify procedure",
    "processes": {
        "constantgenerator1": {
            "component": "com.sap.util.constantGenerator",
            "metadata": {
                "label": "Constant Generator",
                "x": 17,
                "y": 12,
                "height": 80,
                "width": 120,
                "extensible": true,
                "config": {
                    "content": "call \"3_HANA_HADOOP_IMAGEPROCESSING\".\"3_HANA_HADOOP_IMAGEPROCESSING::P_CLASSIFY_MATERIAL_APL\"()",
                    "mode": "once"
                }
            }
        },
        "graphterminator1": {
            "component": "com.sap.util.graphTerminator",
            "metadata": {
                "label": "Graph Terminator",
                "x": 386.99999809265137,
                "y": 12,
                "height": 80,
                "width": 120,
                "config": {}
            }
        },
        "saphanaclient2": {
            "component": "com.sap.hana.client2",
            "metadata": {
                "label": "SAP HANA Client",
                "x": 197,
                "y": 12,
                "height": 80,
                "width": 120,
                "config": {
                    "connection": {
                        "connectionProperties": {
                            "additionalHosts": [],
                            "host": "host",
                            "password": "",
                            "port": 9000,
                            "useTLS": false,
                            "user": ""
                        },
                        "configurationType": "Configuration Manager",
                        "connectionID": "HANADB"
                    },
                    "tableName": "\"3_HANA_HADOOP_IMAGEPROCESSING\".\"PPARAM\"",
                    "tableColumns": [
                        {
                            "name": "MATERIAL_ID",
                            "type": "NVARCHAR",
                            "size": 10
                        },
                        {
                            "name": "HEAT1",
                            "type": "INTEGER"
                        },
                        {
                            "name": "HEAT2",
                            "type": "INTEGER"
                        },
                        {
                            "name": "PRESSMAX",
                            "type": "INTEGER"
                        },
                        {
                            "name": "PRESSDUR",
                            "type": "INTEGER"
                        }
                    ]
                }
            }
        }
    },
    "groups": [],
    "connections": [
        {
            "metadata": {
                "points": "141,52 166.5,52 166.5,43 192,43"
            },
            "src": {
                "port": "out",
                "process": "constantgenerator1"
            },
            "tgt": {
                "port": "sql",
                "process": "saphanaclient2"
            }
        },
        {
            "metadata": {
                "points": "321,52 381.99999809265137,52"
            },
            "src": {
                "port": "result",
                "process": "saphanaclient2"
            },
            "tgt": {
                "port": "stop",
                "process": "graphterminator1"
            }
        }
    ],
    "inports": {},
    "outports": {}
}